t,x,y,vx,vy,speed,ax,ay,accel,ux,uy,u_mag,dux_dt,duy_dt,udot_mag,curvature,safety_margin,Wx,Wy,v_dot_W,energy_cum,pathlen_cum
0.0,0.0,0.0,-1.4142135623730945,1.4142135623730967,2.000000000000001,0.0,-1.0990647210708707e-14,1.0990647210708707e-14,-1.4142135623730945,1.414213562373096,2.0,-0.5592396386635989,0.27569490657091666,0.6235035324372583,8.326672684807722e-16,7.3,0.0,0.0,0.0,0.0,0.0
0.14142135623730953,-0.19999999999999996,0.20000000000000015,-1.4142135623730945,1.4142135623730951,1.9999999999999998,-7.850462293391119e-16,-7.065416064052007e-15,7.108895957908211e-15,-1.4933019905351228,1.453202709968349,2.0836863850386687,0.1807371340427144,0.34697488724115455,0.3912256177680419,9.714451465511363e-16,7.386617494683224,0.0790884281620278,-0.038989147595254424,-0.16698690904808505,0.5898507250346121,0.2828427124746191
0.28284271247461906,-0.3999999999999999,0.4000000000000001,-1.4142135623730947,1.4142135623730947,1.9999999999999996,-2.3551386880173362e-15,-3.1401849173564482e-15,3.92523114669556e-15,-1.3630933811353836,1.5123528806413062,2.035984970789114,1.4450075117099273,0.10494596683864119,1.448813433418469,8.326672684717071e-16,7.481589716175258,-0.05112018123771186,-0.09813931826821168,-0.06649510127961183,1.189971101354101,0.5656854249492381
0.42426406871192857,-0.6,0.6000000000000001,-1.4142135623730951,1.4142135623730943,1.9999999999999996,7.850462293391119e-16,-2.355138688017336e-15,2.482534153238496e-15,-1.0845921463754422,1.4828859118923667,1.8371964379641454,1.4000084309107923,-0.6291067578093934,1.534861205237381,1.3877787807861808e-16,7.584645695758025,-0.32962141599765316,-0.06867234951927231,0.3690377089023247,1.721752563011675,0.8485281374238571
0.5656854249492381,-0.8,0.8,-1.4142135623730945,1.414213562373094,1.999999999999999,2.9289321881241714,1.2132034355921426,3.17025335561094,-0.9671111990478398,1.334414618825755,1.648018945965014,4.399425181257067,0.9857926860121354,4.508517399908067,0.5177669529659907,7.695504482602435,-0.4471023633252551,0.07979894354733985,0.7451509742113316,2.1524694900722854,1.131370849898476
0.7071067811865477,-1.0,1.0,-0.5857864376269042,1.757359312880716,1.85241936533718,5.857864376244785,2.4264068711828153,6.34050671121803,0.1597532052248488,1.7617101891426654,1.7689386301137466,2.97994086156527,1.7981661420019908,3.480438048962901,1.8431104890496788,7.813878188659973,-0.15975320522484882,0.2382898108573345,0.512342079262865,2.56578120471601,1.4037780356189056
0.8071067811865476,-1.0,1.2,0.0,2.000000000000002,2.000000000000002,2.9289321881198784,1.213203435590351,3.170253355606288,-0.24768983473879616,1.7685303275696842,1.78579107786064,-4.148895646331927,0.5102691217855174,4.180156655054901,1.035533905933494,7.749301648732151,0.24768983473879552,0.23146967243031585,0.4629393448606322,2.8816908872597775,1.5963990038857645
0.9071067811865475,-1.0,1.4000000000000004,0.0,1.9999999999999991,1.9999999999999991,0.0,-2.553512956625093e-14,2.553512956625093e-14,-0.6700259240456848,1.863764013500279,1.9805431166505671,-3.215975225285134,1.2125244410599971,3.436962637244639,0.0,7.688756943465154,0.6700259240456845,0.1362359864997211,0.2724719729994421,3.2372709277937077,1.7963990038857645
1.0071067811865475,-1.0,1.6,0.0,1.9999999999999971,1.9999999999999971,0.0,-3.3306690738588112e-15,3.3306690738588112e-15,-0.8908848797990387,2.011035215782896,2.1995314292306682,-0.44564603731616126,1.4516366360395232,1.5185023258684,0.0,7.632326986700616,0.8908848797990389,-0.01103521578289531,-0.02207043156579059,3.6752954050479802,1.9963990038857642
1.1071067811865478,-1.0,1.8000000000000003,0.0,1.9999999999999984,1.9999999999999984,0.0,6.661338147717619e-15,6.661338147717619e-15,-0.7591551315093629,2.154091340709636,2.283949653082842,3.070921058372761,1.1362729753665086,3.2743964972656467,0.0,7.5800911157003386,0.7591551315093629,-0.15409134070963534,-0.30818268141927047,4.178013631347518,2.1963990038857646
1.207106781186548,-1.0,2.0,0.0,1.9999999999999984,1.9999999999999984,0.0,7.77156117233723e-15,7.77156117233723e-15,-0.2767006681214144,2.2382898108573346,2.255328033153182,5.720593629280483,0.386891658601464,5.7336617119306785,0.0,7.532124598286489,0.27670066812141436,-0.2382898108573346,-0.47657962171466883,4.6931601590947105,2.3963990038857648
1.307106781186548,-1.0,2.2,0.0,2.0,2.0,0.0,0.0,0.0,0.3849635943524553,2.2314696724303156,2.2644323500500123,6.145148638927707,-0.5102691217855221,6.166297622655172,0.0,7.488498144098322,-0.3849635943524553,-0.23146967243031555,-0.4629393448606311,5.203868079348692,2.596399003885765
1.407106781186548,-1.0,2.4000000000000004,0.0,1.9999999999999984,1.9999999999999984,0.0,-7.77156117233724e-15,7.77156117233724e-15,0.9523290596702733,2.13623598649972,2.338896070352186,3.938217588922225,-1.212524441059995,4.120652047657535,0.0,7.449277426467485,-0.9523290596702733,-0.13623598649972038,-0.27247197299944054,5.733772514141789,2.796399003885765
1.507106781186548,-1.0,2.6,0.0,1.9999999999999984,1.9999999999999984,0.0,-9.99200722157644e-15,9.99200722157644e-15,1.1726071121408383,1.988964784217104,2.3088933176522186,-0.09551093086114046,-1.4516366360395196,1.454775330078873,0.0,7.414522621712709,-1.1726071121408386,0.01103521578289572,0.022070431565791422,6.273843673152187,2.996399003885765
1.6071067811865483,-1.0,2.8,0.0,1.9999999999999964,1.9999999999999964,0.0,-9.992007221576428e-15,9.992007221576428e-15,0.9332268734979496,1.845908659290364,2.0684030496646217,-4.265503508434391,-1.1362729753665108,4.414253782352614,0.0,7.384287972802404,-0.9332268734979495,0.154091340709636,0.30818268141927146,6.754307649560237,3.196399003885765
1.7071067811865483,-1.0,3.0,0.0,1.9999999999999964,1.9999999999999964,0.0,1.776356839391367e-14,1.776356839391367e-14,0.31950641044969286,1.7617101891426652,1.7904488646279548,-6.761567716175895,-0.3868916586014618,6.772627491301105,0.0,7.358621384311845,-0.31950641044969286,0.23828981085733478,0.4765796217146687,7.12850756519571,3.3963990038857648
1.8071067811865484,-1.0,3.2,0.0,2.0,2.0,0.0,1.776356839391369e-14,1.776356839391369e-14,-0.419086669743992,1.7685303275696846,1.817507401990662,-6.494814016353604,0.5102691217855226,6.514827985731549,0.0,7.337564055396597,0.41908666974399195,0.23146967243031544,0.4629393448606309,7.453959579852629,3.596399003885765
1.9071067811865483,-1.0,3.4000000000000004,0.0,2.0,2.0,0.0,0.0,0.0,-0.9794563928275226,1.86376401350028,2.1054574618047677,-3.605217729989556,1.212524441059998,3.8036575030881665,0.0,7.3211501571090745,0.9794563928275214,0.13623598649972005,0.2724719729994401,7.84077379384064,3.7963990038857647
2.0071067811865486,-1.0,3.6000000000000005,0.0,2.0,2.0,2.928932188119875,-1.2132034355903776,3.170253355606295,-1.140130215745509,2.011035215782897,2.311743832688835,7.682143634075976,-1.4772955520803646,7.822897990052693,1.0355339059334956,7.309406559801922,1.140130215745509,-0.011035215782897005,-0.02207043156579401,8.329629327412853,3.9963990038857653
2.1071067811865487,-1.0,3.8000000000000007,0.5857864376269051,1.7573593128807108,1.8524193653371754,2.4264068711827913,-1.005050633879178,2.626323872104124,0.5569723339953577,1.5683049030827292,1.6642711467394862,4.68276536134475,0.7783411924833326,4.74701026345284,1.0796691275325412,7.3023526155999905,0.8572412283777398,-0.15409134070963634,0.23136643272795432,8.735327227305074,4.189019972152624
2.2485281374238584,-0.8,4.0,0.5857864376269033,1.757359312880716,1.8524193653371797,-2.426406871182799,1.0050506338791994,2.6263238721041393,-0.009610651263880705,2.1989434020883665,2.198964404033334,0.026401209187890476,2.459290066949193,2.459431775276873,1.0796691275325423,7.1000000000000005,0.009610651263880707,-0.19894340208836658,-0.3439852512290207,9.273099110026479,4.450991631118864
2.3485281374238585,-0.8,4.2,0.0,2.0,2.0,-2.928932188119869,1.2132034355903534,3.17025335560628,0.5633461497238296,2.162030046429007,2.234218611969401,4.275765984306141,-0.6785834092759873,4.3292782534614345,1.0355339059334943,7.102409288875129,-0.5633461497238295,-0.16203004642900712,-0.32406009285801424,9.764457972840287,4.643612599385723
2.4485281374238586,-0.8,4.4,0.0,2.0,2.0,0.0,0.0,0.0,0.8455425456016241,2.0632267202324903,2.22976382056571,1.0128653366273523,-1.1087855526177768,1.5017661575076022,0.0,7.109632964216892,-0.8455425456016242,-0.06322672023249046,-0.12645344046498092,10.262636947919,4.8436125993857235
2.548528137423858,-0.8,4.6000000000000005,0.0,2.0,2.0,2.928932188119875,-1.213203435590379,3.1702533556062953,0.7659192170503126,1.9402729359043431,2.085974907051814,4.9426011505880325,-4.0444014892143,6.386430109204436,1.0355339059334927,7.121658488546619,-0.7659192170503135,0.05972706409565623,0.11945412819131246,10.72879384833668,5.043612599385723
2.6485281374238587,-0.8,4.800000000000001,0.5857864376269044,1.7573593128807108,1.8524193653371754,5.857864376244764,-2.4264068711828055,6.3405067112180085,1.834062775724174,1.2543464223855851,2.221974620163016,2.0680226920279794,-2.7804777336741338,3.4652235544334364,1.8431104890496863,7.138465086573189,-0.4198492133510762,0.15986713998750682,0.0350020322512643,11.193216974611603,5.236233567652582
2.7899494936611684,-0.6,5.0,1.414213562373094,1.4142135623730923,1.9999999999999973,2.928932188124163,-1.213203435592118,3.1702533556109227,1.2651840600913087,1.2690062304503107,1.7919451774066177,-3.052065106799488,0.41704701981911935,3.0804268588757275,0.5177669529659871,6.961494961096281,0.1490295022817861,0.1452073319227847,0.41611372148182724,11.769384460787201,5.508640753373012
2.931370849898478,-0.3999999999999999,5.2,1.4142135623730936,1.4142135623730958,1.9999999999999996,-3.1401849173564395e-15,0.0,3.1401849173564395e-15,0.9708084022648161,1.3723051327010982,1.6809789799833144,-0.6493975187887878,0.5918106281195815,0.8786108108624249,2.4980018054151255e-15,6.790619500389191,0.44340516010827824,0.04190842967199785,0.6863370606712386,12.196247701997157,5.791483465847631
3.072792206135788,-0.19999999999999996,5.4,1.4142135623730931,1.4142135623730923,1.9999999999999967,1.5700924586782223e-15,0.0,1.5700924586782223e-15,1.0815067044021507,1.4363955537795534,1.7980236201408677,1.3709996178271644,0.14816867404921716,1.3789829252212422,2.7755575615723907e-16,6.626237921249264,0.3327068579709431,-0.02218199140645745,0.43914847774959076,12.624653950595407,6.074326178322251
3.2142135623730974,0.0,5.6000000000000005,1.414213562373094,1.4142135623730958,1.9999999999999998,3.1401849173564494e-15,0.0,3.1401849173564494e-15,1.3585856529740887,1.4142135623730947,1.9610596565293545,1.4495021308414675,-0.21832009818812517,1.4658513200822338,2.3592239273364993e-15,6.468767828015137,0.055627909399006054,0.0,0.07866974391853607,13.125189661989188,6.35716889079687
3.355634918610407,0.20000000000000015,5.800000000000001,1.414213562373094,1.4142135623730923,1.9999999999999973,-3.1401849173564447e-15,-1.2560739669425779e-14,1.2947314098232086e-14,1.4914878188285408,1.3746453050200806,2.028345539677022,0.19667435979564446,-0.006556372237369902,0.19678361165996922,1.3877787807861816e-15,6.318643494673757,-0.07727425645544311,0.03956825735301235,-0.05332433531348536,13.688042459938437,6.640011603271489
3.4970562748477168,0.4000000000000001,6.0,1.4142135623730931,1.4142135623730923,1.9999999999999967,-3.1401849173564545e-15,1.2560739669425818e-14,1.2947314098232125e-14,1.4142135623730947,1.4123591402654772,1.998689155694661,-0.5591439831925513,0.5450125162855943,0.7808204895162443,2.2204460492578858e-15,6.17631344236401,-1.4693247944580677e-16,0.0018544221076188317,0.002622548894958838,14.261431386842238,6.9228543157461075
3.6384776310850255,0.6000000000000001,6.2,1.4142135623730931,1.4142135623730958,1.9999999999999991,0.0,0.0,0.0,1.333338017957938,1.5287981234594603,2.028549721457468,0.16473807971093102,0.6975819397818166,0.7167699753872278,1.9428902931006547e-15,6.0422372233999635,0.0808755444151569,-0.11458456108636417,-0.047671748550682305,14.834878886518887,7.205697028220725
3.779898987322336,0.8,6.4,1.4142135623730931,1.4142135623730923,1.9999999999999967,3.1401849173564348e-15,0.0,3.1401849173564348e-15,1.4608085276865592,1.6096651082873703,2.173702674102317,1.4400185682583402,0.009582088204331022,1.4400504481937968,1.3877787807861848e-16,5.9168813394632345,-0.04659496531346464,-0.19545154591427455,-0.3423054589033598,15.459961089308047,7.488539740695346
3.9213203435596458,1.0,6.6000000000000005,1.414213562373094,1.4142135623730958,1.9999999999999998,1.2560739669425779e-14,-1.2560739669425779e-14,1.7763568393939683e-14,1.740636775819386,1.531508347278354,2.3184766988516796,1.4285383134628675,-1.0909411210836177,1.7974632799316137,2.9143354396509807e-15,5.800714249274855,-0.32642321344629127,-0.11729478490525902,-0.6275120111378049,16.174161390256167,7.771382453169966
4.062741699796955,1.2,6.800000000000001,1.4142135623730967,1.4142135623730887,1.9999999999999967,1.2560739669425798e-14,1.1775693440086685e-14,1.721740796513771e-14,1.8648601791417432,1.3011003624488868,2.2738877810730234,-0.5515466673153031,-1.5693848223094737,1.663482024766711,5.55111512314465e-16,5.694200461257274,-0.45064661676864487,0.11311319992420514,-0.4773443358555395,16.919869119599042,8.054225165644585
4.204163056034265,1.4000000000000004,7.0,1.4142135623730976,1.4142135623730991,2.0000000000000044,3.1401849173564545e-15,3.689717277893834e-14,3.7030556576886895e-14,1.5846358203790378,1.0876192872182753,1.9219746088743044,-3.002542477842493,-0.7242487587821403,3.0886562767400987,2.9143354396509645e-15,5.5977937597429355,-0.17042225800594735,0.32659427515482453,0.22086058471510658,17.546687605429124,8.337067878119203
4.345584412271574,1.6,7.200000000000001,1.4142135623730976,1.4142135623730991,2.0000000000000044,0.0,-2.4336433109512522e-14,2.4336433109512522e-14,1.015612920385508,1.0962518790078464,1.4944021501196436,-3.431957767689496,1.031085470698446,3.583499876808942,5.2735593669874615e-15,5.511929677819935,0.39860064198759027,0.3179616833652454,1.0133721587995848,17.96580564680144,8.619910590593822
4.487005768508883,1.8000000000000003,7.4,1.4142135623730976,1.4142135623730923,1.9999999999999998,0.0,0.0,0.0,0.6139315762639724,1.3792542985448235,1.509719974163533,-0.7716482562143295,2.3247741913480207,2.4494930234798504,1.9428902931006634e-15,5.437017402418046,0.800281986109124,0.03495926382826959,1.1812095035149202,18.284887029326043,8.90275330306844
4.628427124746192,2.0,7.599999999999999,1.4142135623730976,1.4142135623730991,2.0000000000000044,1.213203435592147,-2.928932188124156,3.170253355610927,0.797357834520766,1.753797317182033,1.9265473121692447,5.327439622327125,-3.0874951851258343,6.157453974469983,0.5177669529659845,5.373431371817918,0.6168557278523255,-0.33958375480893466,0.3921217847439107,18.708503313726684,9.185596015543059
4.769848480983502,2.2,7.8,1.7573593128807197,0.5857864376269076,1.8524193653371848,2.426406871182819,-5.857864376244818,6.340506711218063,2.120759049593061,0.5059787856284209,2.180282889429001,7.73146353056395,-5.609403949333812,9.552012405312409,1.8431104890496681,5.321502894272148,-0.12075904959306101,-0.505978785628421,-0.508612550765052,19.307084620623396,9.45800320126349
4.869848480983501,2.4000000000000004,7.8,2.0000000000000053,0.0,2.0000000000000053,8.881784196956874e-15,-1.7208456881603944e-14,1.9365357697892776e-14,2.6638982457765388,0.3995674080453381,2.6936978259306277,1.2345269496180868,5.090280841143364,5.237844578740813,8.326672684729241e-16,5.160031446463138,-0.6638982457765384,-0.39956740804533813,-1.3277964915530804,19.907566693391406,9.650624169530348
4.969848480983501,2.6,7.8,1.7573593128807214,0.5857864376269042,1.8524193653371852,-1.005050633879192,2.4264068711827984,2.626323872104136,2.367664439517912,1.5240349538621805,2.8157623192931904,0.5448229340543401,-3.298213718023538,3.3429097743179113,1.0796691275325374,5.000806399170998,-0.953450877144813,-0.1098213914890885,-1.7398876600203526,20.66679296420014,9.843245137797206
5.111269837220809,2.8,8.0,1.7573593128807197,0.5857864376269006,1.8524193653371825,1.005050633879181,-2.426406871182804,2.626323872104137,2.795430137425672,-0.39669182092369687,2.8234365680878097,-0.4856968801476032,-8.914618880553116,8.927840234059927,1.0796691275325419,5.003332407921453,-0.7954301374256767,0.39669182092369354,-1.1654798711363847,21.791114772151513,10.105216796763445
5.21126983722081,3.0,8.0,2.0000000000000053,0.0,2.0000000000000053,1.213203435590391,-2.9289321881198687,3.1702533556062944,2.250406839991962,-0.6281444266285875,2.3364281213397438,-5.928467483614869,-1.1466664659323735,6.0383417167607085,1.0355339059334945,5.0,-0.2504068399919623,0.6281444266285875,-0.5008136799839259,22.462649293161647,10.297837765030305
5.3112698372208085,3.2,8.0,2.00000000000001,0.0,2.00000000000001,2.4424906541631404e-14,0.0,2.4424906541631404e-14,1.6097366406967737,-0.6260251141113174,1.7271825311471345,-5.661365299472971,1.286200483217452,5.80563250103772,0.0,5.003332407921453,0.3902633593032195,0.6260251141113192,0.780526718606443,22.88475208626599,10.497837765030303
5.411269837220809,3.4000000000000004,8.0,2.00000000000001,0.0,2.00000000000001,-1.554312234467446e-14,0.0,1.554312234467446e-14,1.1181337800917106,-0.3709043299838118,1.178046337027079,-3.2318139936616013,3.3861963860050093,4.680913121840688,0.0,5.013318551349164,0.8818662199082895,0.3709043299838118,1.7637324398165881,23.10329971967013,10.697837765030306
5.511269837220809,3.6000000000000005,8.0,2.000000000000007,0.0,2.000000000000007,-3.330669073858828e-14,0.0,3.330669073858828e-14,0.963373841961221,0.05121416309307124,0.9647341861240574,0.4321804124108919,4.247957004170963,4.269885082546929,0.0,5.029925372672534,1.036626158038779,-0.05121416309307124,2.0732523160775655,23.2192249807731,10.897837765030307
5.611269837220808,3.8000000000000007,8.0,2.0000000000000036,0.0,2.0000000000000036,-1.7763568393913748e-14,0.0,1.7763568393913748e-14,1.2045698625743209,0.47868707085462575,1.2961982354662036,3.9310965902143873,3.436069487337416,5.2211199874554115,0.0,5.053098380168622,0.7954301374256791,-0.47868707085462575,1.5908602748513612,23.349767076548204,11.097837765030306
5.711269837220808,4.0,8.0,2.0000000000000036,0.0,2.0000000000000036,3.330669073858828e-14,0.0,3.330669073858828e-14,1.7495931600080268,0.7384280605639881,1.8990398169009426,5.928467483614854,1.19733409475534,6.048167957219958,0.0,5.082762530298219,0.25040683999197316,-0.7384280605639882,0.5008136799839472,23.614091181138246,11.297837765030305
5.811269837220808,4.2,8.0,2.00000000000001,0.0,2.00000000000001,3.330669073858828e-14,0.0,3.330669073858828e-14,2.390263359303216,0.7181538898068902,2.495817288238917,5.661365299472999,-1.6133327182061437,5.886756281154455,0.0,5.118823416311342,-0.390263359303216,-0.7181538898068902,-0.780526718606436,24.105863989260616,11.497837765030305
5.911269837220807,4.4,8.0,2.00000000000001,0.0,2.00000000000001,-1.554312234467453e-14,0.0,1.554312234467453e-14,2.881866219908284,0.4157615169211472,2.9117023454331723,3.231813993661669,-3.8715431282594825,5.043160505437102,0.0,5.161168720299745,-0.8818662199082835,-0.4157615169211472,-1.7637324398165761,24.84121971349428,11.697837765030306
6.011269837220807,4.6000000000000005,8.0,2.000000000000007,0.0,2.000000000000007,-3.330669073858813e-14,0.0,3.330669073858813e-14,3.0366261580387794,-0.05615473584887513,3.0371453337045984,-0.4321804124108267,-4.647933059989318,4.667982609116411,0.0,5.20966987850401,-1.0366261580387797,0.05615473584887513,-2.073252316077567,25.72633282981651,11.897837765030307
6.111269837220807,4.800000000000001,8.0,2.0000000000000036,0.0,2.0000000000000036,-1.7763568393913748e-14,0.0,1.7763568393913748e-14,2.7954301374256865,-0.5138250950813651,2.8422606990850023,-3.931096590214336,-3.6013723757404246,5.331360369581202,0.0,5.26418390534633,-0.7954301374256816,0.5138250950813694,-1.590860274851366,26.591467712796852,12.097837765030308
6.211269837220806,5.0,8.0,2.0000000000000036,0.0,2.0000000000000036,3.330669073858843e-14,0.0,3.330669073858843e-14,2.250406839991984,-0.7764292110005588,2.380582547440365,-5.928467483614831,-1.1307983200665033,6.035348502360373,0.0,5.324555320336759,-0.25040683999198404,0.776429211000559,-0.500813679983969,27.278748670133886,12.297837765030305
6.311269837220806,5.2,8.0,2.00000000000001,0.0,2.00000000000001,3.330669073858843e-14,0.0,3.330669073858843e-14,1.6097366406968012,-0.7399847590957948,1.7716742070978748,-5.6613652994730455,1.7825407059868028,5.935360850241327,0.0,5.390618123468183,0.3902633593031987,0.7399847590957948,0.7805267186064014,27.719048808197563,12.497837765030305
6.411269837220805,5.4,8.0,2.00000000000001,0.0,2.00000000000001,-1.554312234467453e-14,0.0,1.554312234467453e-14,1.1181337800917224,-0.4199210698014186,1.1943855554406926,-3.2318139936617616,3.977916254492796,5.1252745699509585,0.0,5.462197768561405,0.8818662199082736,0.41992106980142335,1.7637324398165564,27.947318125754624,12.697837765030304
6.511269837220805,5.6000000000000005,8.0,2.000000000000007,0.0,2.000000000000007,-3.330669073858813e-14,0.0,3.330669073858813e-14,0.9633738419612193,0.0555984918067396,0.9649768658710448,0.432180412410759,4.592937043842084,4.613225617457745,0.0,5.539113089708726,1.0366261580387806,-0.0555984918067396,2.0732523160775687,28.065204986090208,12.897837765030307
6.611269837220805,5.800000000000001,8.0,2.0000000000000036,0.0,2.0000000000000036,-1.7763568393913748e-14,0.0,1.7763568393913748e-14,1.2045698625743064,0.49866633897159207,1.3037088139019442,3.931096590214287,3.414147843769165,5.206719303045635,0.0,5.6211781428987395,0.7954301374256936,-0.49866633897159207,1.59086027485139,28.196746837245804,13.097837765030306
6.711269837220804,6.0,8.0,2.0000000000000036,0.0,2.0000000000000036,1.7763568393913748e-14,0.0,1.7763568393913748e-14,1.749593160008005,0.7384280605639844,1.8990398169009213,5.928467483614787,0.9535721270743619,6.004667060363211,0.0,5.708203932499369,0.2504068399919949,-0.7384280605639845,0.5008136799839907,28.46204728212684,13.297837765030305
6.811269837220804,6.2,8.0,2.000000000000007,0.0,2.000000000000007,3.330669073858828e-14,0.0,3.330669073858828e-14,2.390263359303188,0.6893807643874174,2.4876906490025528,5.661365299473048,-1.777261189774069,5.933777413313941,0.0,5.8,-0.39026335930318834,-0.6893807643874174,-0.7805267186063795,28.95179513169233,13.497837765030305
6.911269837220804,6.4,8.0,2.00000000000001,0.0,2.00000000000001,3.5527136787827497e-14,0.0,3.5527136787827497e-14,2.881866219908272,0.38297582260739454,2.9072019864725953,3.2318139936618158,-3.6949032219640787,4.908862547404324,0.0,5.896375859826668,-0.8818662199082717,-0.3829758226073946,-1.7637324398165526,29.683816539456572,13.697837765030304
7.011269837220803,6.6000000000000005,8.0,2.000000000000014,0.0,2.000000000000014,-1.55431223446746e-14,0.0,1.55431223446746e-14,3.0366261580387808,-0.04959988000909067,3.037031210208793,-0.43218041241069954,-4.08835234896955,4.111131819608357,0.0,5.997142273814361,-1.0366261580387812,0.04959988000909067,-2.073252316077577,30.567585637553194,13.897837765030305
7.111269837220802,6.800000000000001,8.0,2.000000000000007,0.0,2.000000000000007,-3.5527136787827654e-14,0.0,3.5527136787827654e-14,2.7954301374257007,-0.43469464719059714,2.8290261733543627,-3.9310965902142514,-2.8927227330830103,4.880713596605455,0.0,6.102112361825882,-0.7954301374257056,0.4346946471905935,-1.5908602748514167,31.428933020618498,14.097837765030304
7.211269837220802,7.0,8.0,2.000000000000007,0.0,2.000000000000007,0.0,0.0,0.0,2.2504068399920056,-0.6281444266285808,2.336428121339784,-5.928467483614772,-0.6830036503564959,5.967681349626332,0.0,6.211102550927978,-0.25040683999201296,0.6281444266285796,-0.5008136799840277,32.10204729340406,14.297837765030303
7.311269837220801,7.200000000000001,8.0,2.000000000000007,0.0,2.000000000000007,-3.552713678782718e-14,0.0,3.552713678782718e-14,1.609736640696822,-0.5712953772625788,1.7081072742903127,-5.6613652994730215,1.5980109653994135,5.882575634840067,0.0,6.323933369440223,0.39026335930317796,0.5712953772625788,0.7805267186063587,32.520873634737605,14.497837765030303
7.411269837220803,7.4,8.0,2.0,0.0,2.0,0.0,0.0,0.0,1.118133780091734,-0.3085422335470984,1.1599230405783232,-3.231813993661859,3.0502073181649894,4.443915657774782,0.0,6.4404300950953095,0.8818662199082657,0.3085422335470984,1.7637324398165315,32.734026230765004,14.697837765030306
7.5112698372208015,7.599999999999999,8.0,2.000000000000007,0.0,2.000000000000007,3.5527136787827654e-14,0.0,3.5527136787827654e-14,0.9633738419612179,0.038746086373469775,0.9641526946414546,0.43218041241063293,3.1835712409540515,3.212772284974636,0.0,6.560423268574319,1.036626158038782,-0.03874608637346978,2.0732523160775718,32.84777682469745,14.897837765030303
7.611269837220801,7.8,8.0,2.000000000000007,0.0,2.000000000000007,-1.213203435590381,-2.928932188119882,3.170253355606303,1.204569862574292,0.3281720146468904,1.2484732376064966,1.0021644020943297,-4.982930045331888,5.082708463555266,1.0355339059334854,6.683749084919419,0.795430137425708,-0.32817201464689055,1.5908602748514216,32.97219061687765,15.097837765030302
7.7112698372208,8.0,8.0,1.7573593128807197,-0.5857864376269006,1.8524193653371825,-2.4264068711828197,-5.857864376244818,6.340506711218063,1.1638067223810844,-0.9578399226978829,1.5072834519669114,3.2866856649170573,-5.798579960205375,6.665270603273857,1.8431104890496774,6.810249675906654,0.2504068399920238,-0.45637363967520506,0.7073922808811763,33.16372005835729,15.290458733297159
7.85269119345811,8.200000000000001,7.8,1.4142135623730991,-1.4142135623730991,2.0000000000000058,-1.2132034355921377,-2.928932188124196,3.1702533556109604,1.998045973327576,-1.0717290236021704,2.2673312090565423,4.036061374404456,-1.5631305618791052,4.328183056600087,0.5177669529659905,6.789736837660179,-0.5838324109544867,-0.3424845387709306,-0.34131743409187426,33.687876693066436,15.56286591901759
7.994112549695419,8.4,7.599999999999999,1.4142135623730991,-1.4142135623730991,2.0000000000000058,0.0,2.4336433109512522e-14,2.4336433109512522e-14,2.305377269235717,-1.399960010773308,2.697156351655041,-0.19392792330698314,-2.1168802992780416,2.125744632101808,7.77156117240258e-15,6.779460135510689,-0.8911637068626153,-0.014253551599780501,-1.2401382345554008,34.56578110065827,15.845708631492208
8.135533905932729,8.600000000000001,7.4,1.4142135623730991,-1.4142135623730923,2.000000000000001,-2.4336433109512674e-14,0.0,2.4336433109512674e-14,1.9431948734746651,-1.6704731894361706,2.562515754668305,-3.571078926773478,-1.076709717955092,3.7298670911956835,5.8286708793019235e-15,6.779460135510691,-0.5289813111015704,0.25625962706307537,-1.1104983844830165,35.544497452025354,16.128551343966826
8.276955262170036,8.8,7.200000000000001,1.4142135623730923,-1.4142135623730991,2.000000000000001,0.0,-2.4336433109512522e-14,2.4336433109512522e-14,1.2953236191225923,-1.7044995079485823,2.14083671746675,-3.718638091620998,0.47715609773539,3.749126191269203,9.714451465503304e-15,6.78973683766018,0.1188899432504864,0.2902859455754822,-0.24239055102454116,36.33289809676726,16.41139405644144
8.418376618407347,9.0,7.0,1.4142135623730991,-1.4142135623730991,2.0000000000000058,2.4336433109512368e-14,1.177569344008663e-14,2.7035697373817993e-14,0.891405188925425,-1.5355130644784116,1.775500938334603,-1.1849227501628583,1.2844246842521052,1.7475092827706615,5.828670879301996e-15,6.810249675906654,0.5228083734476762,0.12129950210532287,0.5678192912654718,36.87988658837106,16.694236768916063
8.559797974644656,9.2,6.800000000000001,1.4142135623730991,-1.4142135623730958,2.0000000000000036,0.0,0.0,0.0,0.9601768543924578,-1.3412093462840748,1.649479342783883,1.452835097176208,0.9341530622365313,1.7272439790813834,3.8857805862012645e-15,6.840918313565063,0.45403670798063445,-0.07300421608902367,0.745348422744961,37.29518353082453,16.977079481390682
8.701219330881965,9.4,6.6000000000000005,1.4142135623730991,-1.4142135623730991,2.0000000000000058,0.0,-1.1775693440086778e-14,1.1775693440086778e-14,1.3023290085905224,-1.271294678488026,1.8199590671683652,2.0902037604341595,0.03800925784317014,2.090549321067286,1.94289029310063e-15,6.8816241980952135,0.11188455378257563,-0.14291888388506588,0.3603464772888672,37.721783393034556,17.2599221938653
8.842640687119273,9.6,6.4,1.4142135623730991,-1.4142135623730991,2.0000000000000058,-7.457939178721626e-14,-2.590652556819091e-14,7.895083119490529e-14,1.5513757556203895,-1.3304587046965275,2.043743403666296,0.880513218283243,-0.20917642067091266,0.905018399004246,3.8857805862016084e-15,6.932212806020776,-0.13716219324729456,-0.08375485767657172,-0.07552937829432747,38.25134542704806,17.542764906339915
8.984062043356582,9.8,6.2,1.414213562373078,-1.4142135623731065,1.999999999999996,-1.491587835739042e-13,-5.18130511361983e-14,1.579016623892513e-13,1.5513757556203895,-1.3304587046965275,2.043743403666296,0.0,0.0,0.0,7.77156117245828e-15,6.992496481075235,-0.12480573900067686,-0.005021927762311606,-0.16939989040603273,38.84204646558435,17.825607618814534
